,stars_5,stars_1
0,"  (1, 3149)	0.30151134457776363
  (1, 4361)	0.30151134457776363
  (1, 3133)	0.30151134457776363
  (1, 3698)	0.30151134457776363
  (1, 4711)	0.30151134457776363
  (1, 888)	0.30151134457776363
  (1, 2647)	0.30151134457776363
  (1, 2825)	0.30151134457776363
  (1, 2482)	0.30151134457776363
  (1, 3212)	0.30151134457776363
  (1, 4729)	0.30151134457776363
  (2, 194)	0.2654801096159858
  (2, 79)	0.2654801096159858
  (2, 4999)	0.2654801096159858
  (2, 4947)	0.2654801096159858
  (2, 35)	0.2654801096159858
  (2, 4913)	0.2654801096159858
  (2, 192)	0.2654801096159858
  (2, 182)	0.2654801096159858
  (2, 13)	0.2654801096159858
  (2, 147)	0.2654801096159858
  (2, 62)	0.2654801096159858
  (2, 1553)	0.27770824328727617
  (2, 4994)	0.2654801096159858
  (2, 4108)	0.27770824328727617
  :	:
  (7269, 2446)	1.0
  (7270, 3953)	0.5773502691896257
  (7270, 3193)	0.5773502691896257
  (7270, 3507)	0.5773502691896257
  (7272, 921)	1.0
  (7273, 3071)	1.0
  (7274, 2929)	1.0
  (7275, 2635)	1.0
  (7283, 4858)	1.0
  (7290, 1545)	1.0
  (7298, 3723)	0.5773502691896257
  (7298, 1538)	0.5773502691896257
  (7298, 3039)	0.5773502691896257
  (7301, 1994)	1.0
  (7303, 2714)	1.0
  (7304, 2708)	1.0
  (7309, 2976)	1.0
  (7312, 580)	1.0
  (7316, 2549)	1.0
  (7320, 821)	1.0
  (7321, 3886)	1.0
  (7322, 4476)	1.0
  (7332, 4492)	1.0
  (7333, 1864)	1.0
  (7336, 1807)	1.0","  (0, 1205)	0.2
  (0, 3100)	0.2
  (0, 3999)	0.2
  (0, 931)	0.2
  (0, 2426)	0.2
  (0, 3516)	0.2
  (0, 816)	0.2
  (0, 3104)	0.2
  (0, 3520)	0.2
  (0, 4837)	0.2
  (0, 3301)	0.2
  (0, 706)	0.2
  (0, 4824)	0.2
  (0, 4376)	0.2
  (0, 3519)	0.2
  (0, 3513)	0.2
  (0, 1026)	0.2
  (0, 4378)	0.2
  (0, 381)	0.2
  (0, 3498)	0.2
  (0, 49)	0.2
  (0, 3514)	0.2
  (0, 3593)	0.2
  (0, 3521)	0.2
  (0, 3512)	0.2
  :	:
  (945, 4341)	0.33333333333333326
  (945, 1554)	0.33333333333333326
  (945, 4661)	0.33333333333333326
  (946, 4908)	1.0
  (947, 42)	1.0
  (948, 37)	0.7071067811865475
  (948, 1680)	0.7071067811865475
  (950, 3553)	1.0
  (951, 663)	0.5
  (951, 4500)	0.5
  (951, 868)	0.5
  (951, 3051)	0.5
  (952, 4986)	0.4082482904638629
  (952, 4708)	0.4082482904638629
  (952, 875)	0.4082482904638629
  (952, 2981)	0.4082482904638629
  (952, 4721)	0.4082482904638629
  (952, 880)	0.4082482904638629
  (954, 881)	0.5773502691896257
  (954, 4028)	0.5773502691896257
  (954, 2188)	0.5773502691896257
  (955, 1592)	1.0
  (956, 3465)	0.7071067811865475
  (956, 4192)	0.7071067811865475
  (957, 2441)	1.0"
